,uu_id,countyfips,tract,tract_name,average_wage
0,585f8731c2255d6b3f817a31180848b9,18177,200,"Census Tract 2, Wayne County, Indiana",6612
1,8c9d2aa90948679972a9382aadcc6001,18177,900,"Census Tract 9, Wayne County, Indiana",9883.25
2,0f3d45341a5b113b813ffb7be7f58bab,18183,50300,"Census Tract 503, Whitley County, Indiana",13992.25
3,fb55464f8e34af6d750d06968bf719b8,18183,50400,"Census Tract 504, Whitley County, Indiana",13613.5
4,983badfd7b568728e39a2344a9006078,18001,30200,"Census Tract 302, Adams County, Indiana",11816.66667
5,3ebec5c7e13f05f1772dae73f3a1f5e0,18003,11302,"Census Tract 113.02, Allen County, Indiana",9201.8
6,4e47a34030916597b6293593de5016a2,18003,2300,"Census Tract 23, Allen County, Indiana",7106.857143
7,9b461ff4ed0094dc132cb01b2e1db9ba,18003,2800,"Census Tract 28, Allen County, Indiana",7807.25
8,f013068de98db1470bd986137a0c6d23,18003,900,"Census Tract 9, Allen County, Indiana",8347.125
9,d9f6293ea290fd5f01904c594b5a90b9,18003,10821,"Census Tract 108.21, Allen County, Indiana",6903.666667
10,842c96eacb965c2a1c0cbd6e51a7f741,18003,2000,"Census Tract 20, Allen County, Indiana",8182.25
11,7322dfe92403d20403f7a527ba733641,18003,3100,"Census Tract 31, Allen County, Indiana",8586.6
12,6167d550c0cdd68c799d372c5df97acb,18003,10819,"Census Tract 108.19, Allen County, Indiana",14195.28571
13,489a93264d03adecc4589fd9cd34ad36,18003,10306,"Census Tract 103.06, Allen County, Indiana",9966.666667
14,e847a8217e0447f92b06d59fa7c88982,18003,3000,"Census Tract 30, Allen County, Indiana",10280.44444
15,1901b891f05515a8c22c05ef58baba38,18003,11608,"Census Tract 116.08, Allen County, Indiana",14278
16,2094eb904cf826728093f0e2713d2e30,18003,11501,"Census Tract 115.01, Allen County, Indiana",8336.5
17,d6d6aa73853ad771aaf7f972661fd2e6,18003,10305,"Census Tract 103.05, Allen County, Indiana",21141.375
18,f1bebcc62175d8c0c05ba9e63aa68b2e,18003,10601,"Census Tract 106.01, Allen County, Indiana",11355.8
19,45c8cf419dd4c4b442dbf3603ba94379,18003,3200,"Census Tract 32, Allen County, Indiana",11288.25
20,179a3fb4630992ff1f9112970d61f00f,18003,10803,"Census Tract 108.03, Allen County, Indiana",10749.77778
21,adf57413c8c1462b6c066f14034bea53,18003,3304,"Census Tract 33.04, Allen County, Indiana",11507.57143
22,fd613eba867c6ad7350a937f743b88f2,18003,11304,"Census Tract 113.04, Allen County, Indiana",9753.375
23,184e8a1febbf737c9865b40ac43d92ee,18003,10304,"Census Tract 103.04, Allen County, Indiana",11111
24,5aef70478b1bb50e1207bb1864a03ab0,18003,4000,"Census Tract 40, Allen County, Indiana",11072.72727
25,d65e188a0e2d9d0b2efdfcf6a1b81783,18003,3600,"Census Tract 36, Allen County, Indiana",9478.583333
26,5b266c11201654ddb90d1a80cf294645,18003,4300,"Census Tract 43, Allen County, Indiana",8190
27,d022be7b24f488153a47c5ebaec904eb,18003,10707,"Census Tract 107.07, Allen County, Indiana",16336.85714
28,3b64b154b842527478b03e19c11e300b,18003,10705,"Census Tract 107.05, Allen County, Indiana",7594.5
29,5a9758f65f001b6432ff31ff64a459d7,18003,11603,"Census Tract 116.03, Allen County, Indiana",41267
30,0dc217a2798a141c59b99f5bcff29fa9,18003,3700,"Census Tract 37, Allen County, Indiana",6588
31,8ac85c3e00e200910bf73b909d6f970b,18003,2200,"Census Tract 22, Allen County, Indiana",11529.28571
32,2686710e45843273cb902096aee8d8ab,18005,10100,"Census Tract 101, Bartholomew County, Indiana",10971.83333
33,15118b0768fba87d2ac7770249b5fb36,18005,10400,"Census Tract 104, Bartholomew County, Indiana",13278.66667
34,8b737a167ef2e623abed4c4243ed8b8d,18005,11500,"Census Tract 115, Bartholomew County, Indiana",8074.428571
35,0aed17ab54d56c6651d331418e8db6be,18009,975300,"Census Tract 9753, Blackford County, Indiana",7689.8
36,9a8d8797ae3765b4ca946803c38b8ea6,18011,810400,"Census Tract 8104, Boone County, Indiana",12655
37,46e96d9a3529a65f56d9e6a8dd33fc87,18011,810603,"Census Tract 8106.03, Boone County, Indiana",23200.5
38,676fffaaecefffe4ce93ca264c5c3c36,18015,959800,"Census Tract 9598, Carroll County, Indiana",8112
39,4b64982fb643e7eee44ce1ef8929cb44,18017,951600,"Census Tract 9516, Cass County, Indiana",11501.90909
40,2b6b2f2e6d3340e7d9ae46cd41eaef1b,18017,951700,"Census Tract 9517, Cass County, Indiana",26388.66667
41,96b3d9311ce32f929ecc8f989d9656e2,18017,951900,"Census Tract 9519, Cass County, Indiana",6248
42,cbc5bb11c092796a7127a349ae8ab045,18017,951500,"Census Tract 9515, Cass County, Indiana",12307.71429
43,f4f5baac978b6ad7f401d5925bc77311,18019,50703,"Census Tract 507.03, Clark County, Indiana",12247.875
44,3193b3205553224c47be06622d7b044d,18019,50603,"Census Tract 506.03, Clark County, Indiana",6580
45,38e264ca88c300dc19938de0abc88ec4,18019,50701,"Census Tract 507.01, Clark County, Indiana",19289
46,0e6523fb3fc17f6a2ac7050972bd4bfd,18019,50401,"Census Tract 504.01, Clark County, Indiana",3992.5
47,6cd923e2eebf6dbd10f781e8a35e4a99,18019,50904,"Census Tract 509.04, Clark County, Indiana",13105.85714
48,395702b93c95499f70d36073ba97df97,18019,50304,"Census Tract 503.04, Clark County, Indiana",11465.71429
49,a21252ae119bf94fb9343a9d279b1f09,18021,40400,"Census Tract 404, Clay County, Indiana",18145.28571
50,2e6f7ee3f6f1ea9096625cbcb38e54cd,18021,40200,"Census Tract 402, Clay County, Indiana",8550.714286
51,b81bda93a68e51718e7e3f272961f9b4,18021,40100,"Census Tract 401, Clay County, Indiana",7090.615385
52,2ce8c1fbabbed69343d1af45e99c4839,18023,950200,"Census Tract 9502, Clinton County, Indiana",11884.33333
53,f4520092ddd64f380cc29f27329112a6,18023,950500,"Census Tract 9505, Clinton County, Indiana",10931.77778
54,442a1b8f964352b0845991efdfe0a83a,18033,20602,"Census Tract 206.02, DeKalb County, Indiana",16904.9
55,89399fcb71863c561d2a2703d8bd4a15,18033,20300,"Census Tract 203, DeKalb County, Indiana",8653.285714
56,06e492b4f29d153af26c659d1f7da2a1,18033,20500,"Census Tract 205, DeKalb County, Indiana",14063.66667
57,cb09047c9bc2c7afd2d74daa905f68bf,18035,2700,"Census Tract 27, Delaware County, Indiana",11404.75
58,8d4837b174344462ac0acf31aced69e2,18035,2401,"Census Tract 24.01, Delaware County, Indiana",12460.88889
59,9200a2b83d869882f514fa76e6bcd05c,18035,2402,"Census Tract 24.02, Delaware County, Indiana",10622.88889
60,47f0290645712229fd4f8f1fe7dc6b05,18035,400,"Census Tract 4, Delaware County, Indiana",7359.8
61,f43fb9e90c5ecf879016b159aaa17fcb,18035,500,"Census Tract 5, Delaware County, Indiana",5047.75
62,50088293eaca82f8c05e74c7aa38733f,18035,2601,"Census Tract 26.01, Delaware County, Indiana",12912
63,aea09a8d8901d51bb5c67eabc50f4379,18035,2302,"Census Tract 23.02, Delaware County, Indiana",12294.4
64,74c5fdc6aac736fa7cf9b5d45c501a03,18035,2000,"Census Tract 20, Delaware County, Indiana",8942
65,ef76030f911b99b664285c543a238775,18035,800,"Census Tract 8, Delaware County, Indiana",9891.25
66,cdfe175e21e14759b98d9dc9ad03fb10,18039,1801,"Census Tract 18.01, Elkhart County, Indiana",16334.90476
67,6657c9871fa2f67cd168e6f94354060e,18039,900,"Census Tract 9, Elkhart County, Indiana",17906.09524
68,8d7022c454fc05456cfb4b9cadf5f109,18039,1501,"Census Tract 15.01, Elkhart County, Indiana",14126.09091
69,52f393e27a5d94231575ab9bfa341bcf,18039,1901,"Census Tract 19.01, Elkhart County, Indiana",13907.15152
70,53405bf66812a9f2623a307de572c11e,18039,2200,"Census Tract 22, Elkhart County, Indiana",12955.64815
71,66d134a595bd52251321d496ae2f4e0b,18039,302,"Census Tract 3.02, Elkhart County, Indiana",14739.35294
72,d44e7a9d13d3730892b6ffff9af4d595,18039,2600,"Census Tract 26, Elkhart County, Indiana",12415.57143
73,627f0516c61e02f14a399ff99aaf141c,18039,700,"Census Tract 7, Elkhart County, Indiana",16392.83871
74,7e3e3d2f2f2b4f20fa63c425271e08e4,18039,1602,"Census Tract 16.02, Elkhart County, Indiana",13345.96429
75,2abe33dadcdb70181a2f693df31247a7,18039,2102,"Census Tract 21.02, Elkhart County, Indiana",14365.15789
76,cbbc75242459ad8a30fba8f8119a5521,18039,2101,"Census Tract 21.01, Elkhart County, Indiana",19702.88235
77,5e9480dba0f8de932f4d9fb55fa6b8b1,18039,1200,"Census Tract 12, Elkhart County, Indiana",14842.04348
78,358cb073759d71d8abe8d6eaf7a3ead5,18039,301,"Census Tract 3.01, Elkhart County, Indiana",17575.27273
79,b08f608e6e2018affd0eadc6217cd9d6,18039,1902,"Census Tract 19.02, Elkhart County, Indiana",18286.35
80,1bd2241076381b8c9e85d660512a013e,18039,1300,"Census Tract 13, Elkhart County, Indiana",17617.23077
81,48ac5846d8d781fd5b7c6a863a572359,18039,1601,"Census Tract 16.01, Elkhart County, Indiana",13333.23333
82,005be9532fd717dc36d4be318fd9ad25,18039,802,"Census Tract 8.02, Elkhart County, Indiana",22092.02703
83,8baa08eb0d7462333382e51f72737b14,18039,1701,"Census Tract 17.01, Elkhart County, Indiana",14976.05882
84,18792af8852f8d0c77371eb582a87ef9,18039,1802,"Census Tract 18.02, Elkhart County, Indiana",14725
85,f4156396854199e5d45a23248e03e379,18039,2400,"Census Tract 24, Elkhart County, Indiana",13171.91667
86,c676fe3aef9660b4e225ac44d2e1174b,18039,200,"Census Tract 2, Elkhart County, Indiana",15600.3913
87,bf9e1cf78ce5a29fb59c7e634d596263,18039,2900,"Census Tract 29, Elkhart County, Indiana",13500.13793
88,48d1b41c0e356998f9f60ea534f1326f,18039,501,"Census Tract 5.01, Elkhart County, Indiana",18250.25
89,adf09caf6306aab8015ea16df0efab86,18039,1400,"Census Tract 14, Elkhart County, Indiana",15658.26923
90,9748c8d4f8762b4636a18fc95cb596a4,18039,1000,"Census Tract 10, Elkhart County, Indiana",18215.25
91,f0fdfe3859cd89a7d30ff7f15e2f06df,18039,2000,"Census Tract 20, Elkhart County, Indiana",19334.74194
92,7b1f33221592c5bc981035ecfcd359f9,18039,600,"Census Tract 6, Elkhart County, Indiana",17418.55102
93,3934b01a1e31d0a6af96867e1afbf03c,18039,1100,"Census Tract 11, Elkhart County, Indiana",16334.5
94,a5af04cc361abb2597b7aeda9c8f05f5,18039,1502,"Census Tract 15.02, Elkhart County, Indiana",14174.22222
95,0abaea6bbc30d7cf8dbacc64727e7091,18039,2300,"Census Tract 23, Elkhart County, Indiana",13029.2
96,6239669cbfe444abd0a46536a670d150,18039,400,"Census Tract 4, Elkhart County, Indiana",17467.53846
97,99fc3cb44cdaf10cc69506d7c92b6466,18039,1702,"Census Tract 17.02, Elkhart County, Indiana",12868.65625
98,dbe44146ae677a77353f803391928966,18039,502,"Census Tract 5.02, Elkhart County, Indiana",17909.36364
99,0eadc4f22396980ecc2e7878ffbaf14a,18039,2700,"Census Tract 27, Elkhart County, Indiana",10794.75
100,a0875049afbd1cb4735e07c03fb8baae,18041,954400,"Census Tract 9544, Fayette County, Indiana",10039
101,420b44cc7e3f55d738df565421e59941,18043,70400,"Census Tract 704, Floyd County, Indiana",9019.666667
102,ce8b2c0e11c538921c39c06b298d2393,18043,70901,"Census Tract 709.01, Floyd County, Indiana",11609.83333
103,cf7ee51cf57f0c735f70a2696fff59a8,18047,969800,"Census Tract 9698, Franklin County, Indiana",12315
104,3d5c4d633d7c5171d91cc9a073eceb3a,18049,953100,"Census Tract 9531, Fulton County, Indiana",14835.2
105,fe355ff27aa8b2242a558d5e3ec99c18,18053,600,"Census Tract 6, Grant County, Indiana",5365.8
106,65c933853ba6f9ad80097936c2924aa6,18053,500,"Census Tract 5, Grant County, Indiana",14576.2
107,07306ce64b3496b7955efaaf7509d73c,18053,10800,"Census Tract 108, Grant County, Indiana",13643.75
108,b84d48cb3e210ed3d4ae5522c752bd43,18053,800,"Census Tract 8, Grant County, Indiana",8841.125
109,c54e262cc40c41b9095dcb5e08ce6e71,18053,700,"Census Tract 7, Grant County, Indiana",10153.14286
110,6ac331ecae4b7e4dd2750893612331f9,18053,100,"Census Tract 1, Grant County, Indiana",8901.4
111,bcf10911a28373ba22a779145eaa9942,18053,10500,"Census Tract 105, Grant County, Indiana",12497
112,6bdcabb0a40d03f8901d1d0e4a5124dc,18053,10200,"Census Tract 102, Grant County, Indiana",17279.16667
113,ce64452a172b006bd45b3c1f147c88c1,18053,200,"Census Tract 2, Grant County, Indiana",10198
114,d0808351616eaf2e1d5d36d52e6cb669,18057,110403,"Census Tract 1104.03, Hamilton County, Indiana",15006.5
115,9a890bcd3def2cd1ad8270f81fe8adaf,18057,110300,"Census Tract 1103, Hamilton County, Indiana",26336.125
116,5ba7caaa7b10591d00eec45bf939284c,18057,110908,"Census Tract 1109.08, Hamilton County, Indiana",17334.625
117,a086a7bd8569dff6d9c4fe7db247e86d,18057,110509,"Census Tract 1105.09, Hamilton County, Indiana",13029.4
118,14ceb8012cb1b912044297c8933cfcfc,18057,110506,"Census Tract 1105.06, Hamilton County, Indiana",14623.27273
119,d78d5eaa3a43f2a71683ae0f05ce3a8f,18057,110806,"Census Tract 1108.06, Hamilton County, Indiana",14781
120,953e68b130eaa59a171dc28d594d5303,18057,110903,"Census Tract 1109.03, Hamilton County, Indiana",20800.2
121,fa339582e0e0e47497dbe039bb00b19f,18057,110700,"Census Tract 1107, Hamilton County, Indiana",10818
122,dc2a4f701fccdca97a2a8522f607db76,18057,110100,"Census Tract 1101, Hamilton County, Indiana",7099.538462
123,7aad2bd27761397960e7f2e139ad0b9e,18057,110811,"Census Tract 1108.11, Hamilton County, Indiana",8193.2
124,a490a9038c51aee1aa41a969308340a8,18057,110508,"Census Tract 1105.08, Hamilton County, Indiana",16676.13333
125,747f8bc2b0c8c0a04d29caa4cfe327d2,18057,110201,"Census Tract 1102.01, Hamilton County, Indiana",21175
126,d4ce127aa5a02d0660970041b98e3005,18057,110808,"Census Tract 1108.08, Hamilton County, Indiana",13199.81818
127,58313733000358ab97030c3688616a8b,18057,110809,"Census Tract 1108.09, Hamilton County, Indiana",15846.76923
128,cc4a424e97a09fe72e5e9597c12af1df,18057,110507,"Census Tract 1105.07, Hamilton County, Indiana",18011.38462
129,1f74f4cecfe9b89fd0350fc0995e8362,18057,110810,"Census Tract 1108.10, Hamilton County, Indiana",14989.4
130,2ddb832dc6e28aba32224f559c5f0b63,18057,110807,"Census Tract 1108.07, Hamilton County, Indiana",14085.42857
131,772f54511e2ccdad04e4fc903bbd19cc,18057,111008,"Census Tract 1110.08, Hamilton County, Indiana",13035
132,5846c7b267dc6e4b00863277e3582f80,18057,110804,"Census Tract 1108.04, Hamilton County, Indiana",21899.58333
133,99c75ff0ed83b04f57a0f99dfc1b05b2,18057,110600,"Census Tract 1106, Hamilton County, Indiana",9010.5
134,5a2c726a9af1492d08478394a7938cc8,18059,410900,"Census Tract 4109, Hancock County, Indiana",12674.2
135,7953cef088684d6a82637fe6a9e7e7a8,18059,410200,"Census Tract 4102, Hancock County, Indiana",10423.4
136,26c71b31d464bc7bedc8aed7e5c6e641,18059,410300,"Census Tract 4103, Hancock County, Indiana",11876.66667
137,5b8dd5be2b1e709f1cde61ab9438a8cb,18059,410400,"Census Tract 4104, Hancock County, Indiana",12709.25
138,e50bc1df1b2b46879a29c009cf17654e,18061,60600,"Census Tract 606, Harrison County, Indiana",7219.2
139,124fe6d04692c372ffc4f84fc99f480d,18063,210102,"Census Tract 2101.02, Hendricks County, Indiana",16340.88889
140,bef4a61635998c4d1b2b18327892a332,18063,210700,"Census Tract 2107, Hendricks County, Indiana",16624.7
141,a01d4790949ed9261a56c55a5eb2c239,18063,210606,"Census Tract 2106.06, Hendricks County, Indiana",14508
142,dfa86215568c869a2e94ce3e5fcf1661,18063,210900,"Census Tract 2109, Hendricks County, Indiana",5426.25
143,06c78e49b4daedfeb808c42e58fb25e4,18063,210603,"Census Tract 2106.03, Hendricks County, Indiana",14976
144,1988578e35b2d1211f45cee910250ca6,18063,210604,"Census Tract 2106.04, Hendricks County, Indiana",13018.66667
145,e4e2fbc655aa5270695f8a48f7180cab,18063,210104,"Census Tract 2101.04, Hendricks County, Indiana",13439.83333
146,39a100d6d185266c9a61f621e3461ca9,18063,210502,"Census Tract 2105.02, Hendricks County, Indiana",10758.33333
147,d4ab328be737d00b398dc4d48963e2a1,18063,210605,"Census Tract 2106.05, Hendricks County, Indiana",24573.71429
148,7dd5fff353cd08adc694aa74d7fa31af,18063,210202,"Census Tract 2102.02, Hendricks County, Indiana",10836.18182
149,6d4dc6590c52c9b265d5003bf90ddbbb,18063,210607,"Census Tract 2106.07, Hendricks County, Indiana",12758.2
150,cd572640b6e423db8fd7ad50ef0b4473,18065,976000,"Census Tract 9760, Henry County, Indiana",10188.5
151,cfeb7a55105a6e277ebef7dc3df83ffc,18065,975800,"Census Tract 9758, Henry County, Indiana",8230.222222
152,19c0ba2728a6971ff9c1301f3bf17f59,18065,976400,"Census Tract 9764, Henry County, Indiana",14287.14286
153,5f9844eb68630b75decbafdfa4974943,18067,200,"Census Tract 2, Howard County, Indiana",10065.22222
154,050a624d618a68e43fe31189909c644f,18067,700,"Census Tract 7, Howard County, Indiana",17452
155,6803d35ef14c26cc19b7d9dacaa80672,18067,400,"Census Tract 4, Howard County, Indiana",12068.57143
156,d192c7de73aa0a21fb4d99766e5b1b89,18067,1400,"Census Tract 14, Howard County, Indiana",11174.33333
157,1e86730cef0c1021f0048c175fc96184,18067,1500,"Census Tract 15, Howard County, Indiana",14218.75
158,75db3baff27b92ecda8651b35117d356,18067,800,"Census Tract 8, Howard County, Indiana",12219.5
159,7a3c45dff186e7416bc95abd6668f65b,18067,10600,"Census Tract 106, Howard County, Indiana",20625.5
160,4cf5a6ca5bc512af4d9c656eaeb4d279,18067,1200,"Census Tract 12, Howard County, Indiana",6520.909091
161,441519fbb02b948549a2593f0c6a8211,18067,1100,"Census Tract 11, Howard County, Indiana",11919.88889
162,35ada71743cfb77aca10c389e36caa28,18067,10300,"Census Tract 103, Howard County, Indiana",14797
163,d199aebcfab8dd5f47f9a2d645e5e25d,18067,1000,"Census Tract 10, Howard County, Indiana",7381.2
164,44585653fcc97ff048845c7718889631,18067,1300,"Census Tract 13, Howard County, Indiana",6663.714286
165,4fcf06b3645f8cb516215da638ce5f7f,18067,10500,"Census Tract 105, Howard County, Indiana",10147
166,81594c0c7e4ef4c4cdbb7133d01cb361,18067,10100,"Census Tract 101, Howard County, Indiana",12577.42857
167,bc7ebe1813e2b66f084289e1b1172f21,18067,900,"Census Tract 9, Howard County, Indiana",6195.142857
168,25a57fe39e03c632125308737a7d3769,18067,300,"Census Tract 3, Howard County, Indiana",4607.333333
169,b94dcf22caa499f548c25164e13a8aba,18067,500,"Census Tract 5, Howard County, Indiana",11379.4
170,e8f426c17a7172179be379cb926bd278,18067,10400,"Census Tract 104, Howard County, Indiana",24255.25
171,48752f9ac7c72819e56bcccceefee7a6,18067,600,"Census Tract 6, Howard County, Indiana",9502.6
172,7df3e38fbdab0a32ca0fa9fb6c8bd8c4,18067,10200,"Census Tract 102, Howard County, Indiana",17766
173,10f34862aa77995d009553a1de67db4f,18069,961400,"Census Tract 9614, Huntington County, Indiana",13051.57143
174,8b20a6749088c7ff1237983076ebfeaa,18071,967902,"Census Tract 9679.02, Jackson County, Indiana",9013.818182
175,b25e809679da1728ba3638a9fb418257,18071,967901,"Census Tract 9679.01, Jackson County, Indiana",10320.28571
176,e8b3b95e93a6dc7dbb90f4e72e7ac065,18073,100901,"Census Tract 1009.01, Jasper County, Indiana",10922.85714
177,dbaba98befa4fc0363b337d5148dd896,18073,100800,"Census Tract 1008, Jasper County, Indiana",5184.75
178,fa18717cd28da214ea9a38210fd9dd14,18077,966400,"Census Tract 9664, Jefferson County, Indiana",7642
179,8dad735d80cf4a1768bbf15c68e3afa7,18077,966100,"Census Tract 9661, Jefferson County, Indiana",8152.833333
180,5744a323eb20d22fbe14f2913989cb86,18079,960302,"Census Tract 9603.02, Jennings County, Indiana",10188.55556
181,447d5984bb8a8179bff002ccd1bba162,18081,610802,"Census Tract 6108.02, Johnson County, Indiana",13225.25
182,c08958366558975968a93e9087aed6db,18081,610202,"Census Tract 6102.02, Johnson County, Indiana",12882.55556
183,ba71cfee2a23d7d3f0845cb5d6f1476f,18081,610701,"Census Tract 6107.01, Johnson County, Indiana",15790.13333
184,5530c743ed9acfbd5d9ce30aa9b5a394,18081,610604,"Census Tract 6106.04, Johnson County, Indiana",32368.25
185,a04177f6fbc3ba8065f2681089a0fad7,18081,610401,"Census Tract 6104.01, Johnson County, Indiana",8708.285714
186,dd240f0580c98aeff68dfc9ab6a19b4a,18081,611400,"Census Tract 6114, Johnson County, Indiana",9440.916667
187,33eee76748953453ca6ea4ba51515157,18081,610403,"Census Tract 6104.03, Johnson County, Indiana",21658.66667
188,733d0fa66aa7cad3330acffe30d6dc17,18081,610500,"Census Tract 6105, Johnson County, Indiana",15440.5
189,007c1caccff1fbb3a0b8a10790f77141,18081,610900,"Census Tract 6109, Johnson County, Indiana",8909.444444
190,97e5bdffc50e369922a89c3946a92e44,18081,610100,"Census Tract 6101, Johnson County, Indiana",13632.88889
191,d7a8af51ca8eb58392ab833bc0ae516b,18083,955200,"Census Tract 9552, Knox County, Indiana",11831.28571
192,a20575f25400fc50aa8377e345b97d41,18085,962400,"Census Tract 9624, Kosciusko County, Indiana",15142
193,b2aedbc721bb3852961092b0c46eab8e,18085,961800,"Census Tract 9618, Kosciusko County, Indiana",15767.94444
194,2420ca4ef50459c0bcc8fdeb8ee35a68,18085,961100,"Census Tract 9611, Kosciusko County, Indiana",19748.95
195,248b6a72aba270fd9794b41f53813d5e,18085,962300,"Census Tract 9623, Kosciusko County, Indiana",13541.83333
196,ca479a7052cd4e84391854e800362169,18085,961200,"Census Tract 9612, Kosciusko County, Indiana",13308.61538
197,b63efd0868b06138b7c8f9da9027e457,18085,961300,"Census Tract 9613, Kosciusko County, Indiana",17307.45455
198,5977eb9301db6dd318dcf44eee64439c,18085,962000,"Census Tract 9620, Kosciusko County, Indiana",14628.06667
199,d75d4e493e871d3eb24b1d348ef440a0,18085,962100,"Census Tract 9621, Kosciusko County, Indiana",13213.53333
200,221c00f760916b30c2df9eff2bc6dc25,18085,961500,"Census Tract 9615, Kosciusko County, Indiana",15542.57143
201,b67c2c4abede3730932f8d53aba0341a,18085,961900,"Census Tract 9619, Kosciusko County, Indiana",15100
202,f142e2854cb3408a0daf85c0d1f97e74,18085,961000,"Census Tract 9610, Kosciusko County, Indiana",17832.86957
203,639c126e54c9418b800800b6626d118e,18087,970300,"Census Tract 9703, LaGrange County, Indiana",21923
204,6fbb60a508283bc1fb30c13ac419941a,18087,970402,"Census Tract 9704.02, LaGrange County, Indiana",21521
205,f328006c7c2a699678d33c97ed0b5dde,18087,970100,"Census Tract 9701, LaGrange County, Indiana",18908.81633
206,98e63567a2f4907c9cb2637247651530,18087,970200,"Census Tract 9702, LaGrange County, Indiana",20252.92188
207,7e1a4171a3a5fdf83696d9179174d4cd,18087,970600,"Census Tract 9706, LaGrange County, Indiana",18015.05263
208,37495d17e82f7df326bfc2c4c090f7b7,18089,21900,"Census Tract 219, Lake County, Indiana",11825.125
209,f0c359ea042cfbb7b690ca3b78fd7f60,18089,41900,"Census Tract 419, Lake County, Indiana",17697.22222
210,7ee27423441d3bced123afcec6335da8,18089,41302,"Census Tract 413.02, Lake County, Indiana",7308
211,2b4f94600254e0f271c110161e841358,18089,21700,"Census Tract 217, Lake County, Indiana",9726.875
212,aef08e5cd6bbf488ae574e9462f3e47b,18089,42704,"Census Tract 427.04, Lake County, Indiana",8861
213,5c034ab90d217bb1b993b22daaf1c27e,18089,42902,"Census Tract 429.02, Lake County, Indiana",18770.4
214,27a707c98b1a2316dd00df2309a628c4,18089,42505,"Census Tract 425.05, Lake County, Indiana",10133.5
215,b8801e9acd413ba93922af95ab5bc392,18089,30800,"Census Tract 308, Lake County, Indiana",8056.333333
216,592f2bae77a77f0721533ce7f3926d64,18089,12800,"Census Tract 128, Lake County, Indiana",7884.5
217,695e104bd84215f8226793190ee20baf,18089,42504,"Census Tract 425.04, Lake County, Indiana",17754.8
218,5091d0be49e94dc89756d9b0dd743214,18089,11200,"Census Tract 112, Lake County, Indiana",8295.166667
219,cd9e56779d1e78b55ee14e0e9d48f5ab,18089,42602,"Census Tract 426.02, Lake County, Indiana",14975.4
220,cfd973395338c6049c4ffea98214e90c,18089,42503,"Census Tract 425.03, Lake County, Indiana",9491
221,3c887b182d660a9a6b874c5f9b4f3f61,18089,11100,"Census Tract 111, Lake County, Indiana",7074.285714
222,b3a4cfbf22f45360e7fb11d1f8f86b9e,18089,43403,"Census Tract 434.03, Lake County, Indiana",9277
223,e8110fa2ab61007365cb825240af25dd,18089,41800,"Census Tract 418, Lake County, Indiana",8341.625
224,70077360c4805acada195b59cbbe1c78,18089,41700,"Census Tract 417, Lake County, Indiana",7746.333333
225,cb304c84e572423d939db1dbb2009609,18089,10201,"Census Tract 102.01, Lake County, Indiana",5080.9375
226,d2fb0b2935cd696dc7681a74797e86b7,18089,22000,"Census Tract 220, Lake County, Indiana",6885
227,4ca0a1c6a388982e4526ff6843825010,18089,12500,"Census Tract 125, Lake County, Indiana",5237.916667
228,52341b7215e0fb673d35b8a9638eeecf,18089,42100,"Census Tract 421, Lake County, Indiana",10784.18182
229,5c04f20bd2f8552aa7ac210dc01292fb,18089,42200,"Census Tract 422, Lake County, Indiana",15685.13333
230,1f24014b092a7ba6a1faaac5edaac47b,18089,10600,"Census Tract 106, Lake County, Indiana",9173.285714
231,ee9da2a37f88c1f0e922757286c26270,18089,11600,"Census Tract 116, Lake County, Indiana",9136.2
232,8f782a6153268c6031e31784e2d4eae2,18089,42000,"Census Tract 420, Lake County, Indiana",17538.8
233,9dd9614f2619fd1b8397cabdb3f2248a,18089,43102,"Census Tract 431.02, Lake County, Indiana",17127.66667
234,68e5bdd9fde563b534c8a38dfddb6146,18089,41600,"Census Tract 416, Lake County, Indiana",11392.2
235,258c76c5552e3c876c3e24e9658c0205,18089,42300,"Census Tract 423, Lake County, Indiana",11857.42857
236,21957d5517323845818d87623589e1ba,18089,10400,"Census Tract 104, Lake County, Indiana",7036.636364
237,9d137c34d4598e4f67aac16df77037e0,18089,42501,"Census Tract 425.01, Lake County, Indiana",11789.875
238,3611ab4b321d4532f1f18b13d1fd3b93,18089,42607,"Census Tract 426.07, Lake County, Indiana",14503.83333
239,1ba8e8f6caf333a10ab33d1add51b960,18089,42403,"Census Tract 424.03, Lake County, Indiana",10857.66667
240,592a852d462dffe18312976a3da5b7d8,18089,40300,"Census Tract 403, Lake County, Indiana",13002.14286
241,fec479d0202d6e1e3f051a9ee902ff5d,18089,43300,"Census Tract 433, Lake County, Indiana",9908.3125
242,7b208b710114a393f20ec464c7849157,18089,12400,"Census Tract 124, Lake County, Indiana",8687.75
243,6a5609f385912113b6f1014b958ed748,18089,11500,"Census Tract 115, Lake County, Indiana",7890.142857
244,56d73815bdda97aca8e26051183ed3ba,18089,43002,"Census Tract 430.02, Lake County, Indiana",11045
245,bc281215b12aa7a7b7ef1c769027e041,18089,30900,"Census Tract 309, Lake County, Indiana",8583.875
246,9ee08e65a6fc00045b2c609903e65603,18089,42901,"Census Tract 429.01, Lake County, Indiana",13185.5
247,d7fccf988f1d2e7ec1a105f974835ef8,18089,41002,"Census Tract 410.02, Lake County, Indiana",6372
248,009683350b175edfc6414d664e4ba873,18089,42801,"Census Tract 428.01, Lake County, Indiana",16658
249,46b2882ec4c373527ec33f7bd4f1388d,18089,20700,"Census Tract 207, Lake County, Indiana",7534.375
250,34e6adeedc3b344eb183a0b5e8b4b774,18089,42402,"Census Tract 424.02, Lake County, Indiana",8807.166667
251,b8114861c419dc4c0cdbbc07a943b2b9,18089,42401,"Census Tract 424.01, Lake County, Indiana",8857.15
252,94f1f3cc229ef12ee0659de4ab3b4e94,18089,40900,"Census Tract 409, Lake County, Indiana",9916.727273
253,b96eda75e8ffe638fff75143380a7ae6,18089,42609,"Census Tract 426.09, Lake County, Indiana",23880
254,7b4b81e3e66af9462dc475aa2e7427a1,18089,10203,"Census Tract 102.03, Lake County, Indiana",8564.333333
255,8eef3f1453830d1939aae4e774e87c53,18091,42100,"Census Tract 421, LaPorte County, Indiana",10808.4
256,02a7b845ab6b3fc2c09a50cdc486db2a,18091,41600,"Census Tract 416, LaPorte County, Indiana",10372.83333
257,91ec70e2da02ad3cb9ae962a7452be48,18091,42500,"Census Tract 425, LaPorte County, Indiana",14246.66667
258,7ab86f26bdf5e743b0f0adf08df559e3,18091,40300,"Census Tract 403, LaPorte County, Indiana",10889.66667
259,8b3b762a9010e36e084aae4c305d1b06,18091,42400,"Census Tract 424, LaPorte County, Indiana",7269
260,a7745ca5549c5be27faf5ff747401ccc,18091,42600,"Census Tract 426, LaPorte County, Indiana",13119
261,6e585a6e6fc9cd621d7f73b92c292214,18091,41400,"Census Tract 414, LaPorte County, Indiana",9073.333333
262,c008e7a443149c9d5894c5b3d5373140,18091,40600,"Census Tract 406, LaPorte County, Indiana",10846.66667
263,42606376eba36d3065753ab0013f4c14,18091,40900,"Census Tract 409, LaPorte County, Indiana",8645.833333
264,932a58530abff8a48558e2a15639d453,18091,41500,"Census Tract 415, LaPorte County, Indiana",8306
265,147837d751cb44500754e9620204f8d6,18091,40800,"Census Tract 408, LaPorte County, Indiana",5554
266,1fe978b588e12780393047c4294e4c8a,18093,950400,"Census Tract 9504, Lawrence County, Indiana",9151
267,69274b987d26fbed84eb7d2b157badb6,18093,951000,"Census Tract 9510, Lawrence County, Indiana",6661.666667
268,b57c8824284adeabf73b43cf206b3819,18093,951100,"Census Tract 9511, Lawrence County, Indiana",8991.25
269,8267c703abd7db102110ec19c18ae372,18093,951200,"Census Tract 9512, Lawrence County, Indiana",9129.714286
270,65f24aac652de33abaf3f227b41e2641,18093,950500,"Census Tract 9505, Lawrence County, Indiana",9240.8
271,471301a66d4c4feb1f474cf934be8999,18093,950600,"Census Tract 9506, Lawrence County, Indiana",11283.22222
272,68153b89651358b0e4dab495d4feb3e9,18093,950700,"Census Tract 9507, Lawrence County, Indiana",12255.76923
273,a514bda8b5262164df92063a50786753,18095,10600,"Census Tract 106, Madison County, Indiana",7098.125
274,196c37e49c98e0b8cdd142c001431a7a,18095,1800,"Census Tract 18, Madison County, Indiana",12794.09091
275,09fbf26479f644ad33186ec51a90d65d,18095,10200,"Census Tract 102, Madison County, Indiana",9687.357143
276,c06321bd819be6f5c537c67a2797bd12,18095,2000,"Census Tract 20, Madison County, Indiana",11044.9
277,f5702bec0e2b40b4c9987e6d656b2721,18095,11200,"Census Tract 112, Madison County, Indiana",8125.333333
278,abd614b6bace46049b465469a384ac0b,18095,10300,"Census Tract 103, Madison County, Indiana",8050.5
279,99c1cb11273b064dc48649886138eb8e,18095,11100,"Census Tract 111, Madison County, Indiana",19350.16667
280,2788f24947b2fc8fcc0ded4a4403d9ff,18095,400,"Census Tract 4, Madison County, Indiana",13895.33333
281,51a955afdcc0c4de1b57a881226925c0,18095,1300,"Census Tract 13, Madison County, Indiana",6201.333333
282,8236e0d2df83f079ad33ff54ad4e518b,18095,1700,"Census Tract 17, Madison County, Indiana",8485.857143
283,8ed377ac3767ffda176fcdea40bcd7e4,18095,1900,"Census Tract 19, Madison County, Indiana",7691.375
284,574ff76bf046909190b36c41ec5ad4ad,18097,342300,"Census Tract 3423, Marion County, Indiana",11424.125
285,481b365a771dc6d05bcfa5e38cf33731,18097,360102,"Census Tract 3601.02, Marion County, Indiana",7554.75
286,2dedb86602589ad3cf8a09380ce032d1,18097,322000,"Census Tract 3220, Marion County, Indiana",16923.14286
287,a5c01f891423feb7623ecfbeea6d103c,18097,380700,"Census Tract 3807, Marion County, Indiana",11896.5
288,17eb58bb239f3bad95a6cac384c3db8f,18097,351900,"Census Tract 3519, Marion County, Indiana",8392
289,b1d41e64e8d10b7c427570a7f77f1826,18097,361400,"Census Tract 3614, Marion County, Indiana",11044.875
290,7c570ea23642d08f4e1dac443dfca6c0,18097,340600,"Census Tract 3406, Marion County, Indiana",9464.166667
291,36c489a05d6a987ff961fdc67ccadbc1,18097,341904,"Census Tract 3419.04, Marion County, Indiana",6861.2
292,2456c31231ec5a6931f78f305668d39a,18097,330105,"Census Tract 3301.05, Marion County, Indiana",14781.5
293,7eeae8c98cf4678be80f35a01f25fe6c,18097,381001,"Census Tract 3810.01, Marion County, Indiana",9514.75
294,c0391823af85ef75df9d031878d35b5d,18097,320204,"Census Tract 3202.04, Marion County, Indiana",17141.41667
295,6877b5946ab2ee471e4c546252057f29,18097,360405,"Census Tract 3604.05, Marion County, Indiana",10000.94118
296,ce8723e47ce346b09bc20deb5d27749e,18097,360601,"Census Tract 3606.01, Marion County, Indiana",9523.6
297,f85ba39277c72bdc3ded77985721b991,18097,390404,"Census Tract 3904.04, Marion County, Indiana",15486
298,63fc3e82740fcc3de0e5cf76fb4f96fe,18097,321400,"Census Tract 3214, Marion County, Indiana",12865.91667
299,9c7e7feff195285d5b7a47369b68bc4e,18097,330109,"Census Tract 3301.09, Marion County, Indiana",17207.6
300,44610534f2a03a72609764f95834c7f8,18097,330805,"Census Tract 3308.05, Marion County, Indiana",6401.4
301,0ad94f09274e2c9cb0ef5cb77eb334b4,18097,380100,"Census Tract 3801, Marion County, Indiana",13343.21739
302,03ba3a9a63be1a5423457246f2846292,18097,390500,"Census Tract 3905, Marion County, Indiana",6781.4
303,dc370d6cb5c3688ac7fa00f9ee56b4bd,18097,390102,"Census Tract 3901.02, Marion County, Indiana",13316.2
304,bc9128e5845a9ef736ccbd42b96f0030,18097,350500,"Census Tract 3505, Marion County, Indiana",5918.875
305,4da27496ea51392169807ce30edde6bf,18097,360302,"Census Tract 3603.02, Marion County, Indiana",4018.166667
306,0bdc0df962a3c10541c2aa5220ded58b,18097,381205,"Census Tract 3812.05, Marion County, Indiana",13246.16667
307,c5db45ff8e2b39f40b282e2cb7e5584a,18097,340902,"Census Tract 3409.02, Marion County, Indiana",9274.461538
308,516a760c644c21ff41a8cd20b6fb73bf,18097,330209,"Census Tract 3302.09, Marion County, Indiana",12740.125
309,89ca758dd8e4958d6e8e32ccb439c638,18097,355500,"Census Tract 3555, Marion County, Indiana",13854.75
310,fcf9f3effa992cfd552696e4ae7219b6,18097,330103,"Census Tract 3301.03, Marion County, Indiana",18272.33333
311,3a40f9f36533037a0dc9f426b87bf8d5,18097,370302,"Census Tract 3703.02, Marion County, Indiana",10520.23529
312,17f8641c080bd91fd39d6767f211beb1,18097,342600,"Census Tract 3426, Marion County, Indiana",7187.571429
313,c82ff1f157906a6e9c37a08989544676,18097,330202,"Census Tract 3302.02, Marion County, Indiana",9974.333333
314,5c43cbf8f0d860e91a9160706ea9b7d8,18097,390900,"Census Tract 3909, Marion County, Indiana",14437.66667
315,bd98af28b14ebbd3d45f05570ad9b72b,18097,310201,"Census Tract 3102.01, Marion County, Indiana",13223.625
316,c3f6bd78c860c5b2f1f94361ce313085,18097,381101,"Census Tract 3811.01, Marion County, Indiana",11464
317,13b7d682e844ec03d93ed9b77e08e022,18097,340114,"Census Tract 3401.14, Marion County, Indiana",9803
318,a0c62bdce75bc5e1d047eae6ab6046ad,18097,340112,"Census Tract 3401.12, Marion County, Indiana",9768.636364
319,8ce569bbea13d8c92615e2cff87dcb0d,18097,310308,"Census Tract 3103.08, Marion County, Indiana",7568
320,58c85b68415bc08c49b2a430cee9f2f9,18097,354200,"Census Tract 3542, Marion County, Indiana",17926.83333
321,e4c3463c4a946e9301a4f64830eac663,18097,330204,"Census Tract 3302.04, Marion County, Indiana",14436.66667
322,618bd975f55a022bd54daf828c1f7ce5,18097,330500,"Census Tract 3305, Marion County, Indiana",9967.2
323,f6d5c6d9c9f4d5b9e178ba482f663970,18097,310203,"Census Tract 3102.03, Marion County, Indiana",15105
324,ce3e58980b9240213bd8ea1fbbefd044,18097,357900,"Census Tract 3579, Marion County, Indiana",12161.3
325,a7dee09e9fbf07ce1c880016b3e69f35,18097,321700,"Census Tract 3217, Marion County, Indiana",9960.25
326,f75b648bd705d4bce859fb3cbb02997f,18097,350600,"Census Tract 3506, Marion County, Indiana",11133.58824
327,1fc50fb37c0734d85581fe5e605fe7c5,18097,330600,"Census Tract 3306, Marion County, Indiana",8939.666667
328,7f9c903be0e820137bd63ee9e9a97af8,18097,380403,"Census Tract 3804.03, Marion County, Indiana",10175.76923
329,241f741bee0eb0ce595304d106811776,18097,320105,"Census Tract 3201.05, Marion County, Indiana",9722.6
330,a993d47c7143bed2a187b0cac7d17983,18097,340500,"Census Tract 3405, Marion County, Indiana",8040.2
331,aeb668565350951c2e5b983ca5d18873,18097,310111,"Census Tract 3101.11, Marion County, Indiana",9598.272727
332,a253da9e1d743c9579e25c1b69a05eb2,18097,353600,"Census Tract 3536, Marion County, Indiana",8797.6
333,63b65e67206ef8201d3df16a8fc518b7,18097,310310,"Census Tract 3103.10, Marion County, Indiana",11736.54545
334,dfaf614469f9c8f10d64ceefd9cde4a9,18097,310204,"Census Tract 3102.04, Marion County, Indiana",11593.3
335,bba6b4d023cec7812f6b6c30c570b278,18097,310305,"Census Tract 3103.05, Marion County, Indiana",8671
336,33c4302fb88e93ea520a346fe2853209,18097,357600,"Census Tract 3576, Marion County, Indiana",7067.307692
337,b249b93771413c68f826e6583566f645,18097,342200,"Census Tract 3422, Marion County, Indiana",10087.42857
338,edcb2ff4e70a0437347f07e2dd6867e8,18097,351500,"Census Tract 3515, Marion County, Indiana",6176.714286
339,56851c8621607ae081c4e5bfc667057d,18097,342101,"Census Tract 3421.01, Marion County, Indiana",12016.33333
340,451262a076827ead70bf9e87ef6d4840,18097,360502,"Census Tract 3605.02, Marion County, Indiana",6393.6
341,5c79d376ac31aa05924b3adaf6460644,18097,320903,"Census Tract 3209.03, Marion County, Indiana",9474
342,a949965ca25205c4fb8f47bac724b832,18097,360404,"Census Tract 3604.04, Marion County, Indiana",7667.727273
343,2a7f196a773a4dce36a9f57828d1104f,18097,360501,"Census Tract 3605.01, Marion County, Indiana",9779.5625
344,1400fd6122c6fe7582a30ee1280beb4b,18097,360602,"Census Tract 3606.02, Marion County, Indiana",7009
345,9059885d1cfb186d078f691eafd6a24d,18097,360800,"Census Tract 3608, Marion County, Indiana",12513.5
346,4c612ffd5f49d054536c369580b91474,18097,361600,"Census Tract 3616, Marion County, Indiana",9982.941176
347,93c603c6ec0389076b9f852f9250a231,18097,352400,"Census Tract 3524, Marion County, Indiana",15455.33333
348,51af2e559924bc5ac87f549c8779ba37,18097,340113,"Census Tract 3401.13, Marion County, Indiana",12099.1
349,5e819ecea31bac6db64c0ccf48818fa8,18097,310306,"Census Tract 3103.06, Marion County, Indiana",9311.888889
350,2a0f380e277560b810399f7c6a01e76e,18097,370202,"Census Tract 3702.02, Marion County, Indiana",6429.333333
351,cbcb0e04d6b21520dd35c88e304e0a08,18097,342000,"Census Tract 3420, Marion County, Indiana",11132.16667
352,9e943f3dccee65ed33733a794a4d030e,18097,321600,"Census Tract 3216, Marion County, Indiana",9925.714286
353,1f53903c302f96fd0e8a36d02364bbca,18097,390600,"Census Tract 3906, Marion County, Indiana",15134.8
354,db27f7d84ea8ef691d33dbb715272977,18097,320108,"Census Tract 3201.08, Marion County, Indiana",11428.35714
355,d526897e467bdc956bbf1d1a7d1f22c0,18097,340110,"Census Tract 3401.10, Marion County, Indiana",12097.4
356,ae2f6787bb01d859420365f1ab55a3c1,18097,390402,"Census Tract 3904.02, Marion County, Indiana",11012.58333
357,f38aacf279329cbb0fd7807a9ddc6f6c,18097,350300,"Census Tract 3503, Marion County, Indiana",6736.181818
358,9883a286690ddb549fd39aff729f83ee,18097,340101,"Census Tract 3401.01, Marion County, Indiana",11297
359,4f38233021d41195c29f0a206e75a77e,18097,310104,"Census Tract 3101.04, Marion County, Indiana",5757.333333
360,a01b6cfa3022893470d884ca2534202c,18097,320902,"Census Tract 3209.02, Marion County, Indiana",9057.1
361,a5d7cec02c6005b044e40dd7a42ce4d2,18097,352600,"Census Tract 3526, Marion County, Indiana",6241.777778
362,00f962ce727b8dbbf20925abd5a253dd,18097,330900,"Census Tract 3309, Marion County, Indiana",6953.882353
363,bff474e03c775cd4d326df7044b6911e,18097,341100,"Census Tract 3411, Marion County, Indiana",10445
364,0d165590afad07ce71727d690f4aad80,18097,341700,"Census Tract 3417, Marion County, Indiana",10352
365,dacd3e932f6546f12ba6b7f3e711a0ed,18097,310311,"Census Tract 3103.11, Marion County, Indiana",10478.63636
366,461f4a6d476cf7257e9b4ab8b9371885,18097,330806,"Census Tract 3308.06, Marion County, Indiana",5832.428571
367,984ffa38c6fdcecc2b57bbcadee3f81f,18097,340202,"Census Tract 3402.02, Marion County, Indiana",16393.5
368,4084f9199d73deb5cf6dd200a5db1c80,18097,360301,"Census Tract 3603.01, Marion County, Indiana",8622.2
369,d1e34bb3edb270f7321788fd307f170e,18097,330106,"Census Tract 3301.06, Marion County, Indiana",4024
370,c2e8e1c1da5aa1482049619b9f50efca,18097,322600,"Census Tract 3226, Marion County, Indiana",8629.076923
371,7bff91298a7f07d1cdcc7cb13c49eb41,18097,360202,"Census Tract 3602.02, Marion County, Indiana",15379.14286
372,e36c60ce269cf6f779cc1e9957f80857,18097,357400,"Census Tract 3574, Marion County, Indiana",8431.125
373,445ccda085809824099ff41f0ed427e5,18097,360401,"Census Tract 3604.01, Marion County, Indiana",7539.333333
374,67407bf95ef751acc3accd630226b53d,18097,360900,"Census Tract 3609, Marion County, Indiana",9948.066667
375,663b0660c9f85a475e5b7ce499dc48a3,18097,310309,"Census Tract 3103.09, Marion County, Indiana",8141
376,25f9cfb8488ebf12f28e2bf44754984d,18097,341903,"Census Tract 3419.03, Marion County, Indiana",9281
377,1ec881fbb0021331b2b29c95049284fb,18097,360201,"Census Tract 3602.01, Marion County, Indiana",10851.09091
378,2d19305e3ee06c83f1247ddda5c70d57,18097,390300,"Census Tract 3903, Marion County, Indiana",14344
379,32ce6ba7f7da17932e0e3c53f69f366b,18097,357500,"Census Tract 3575, Marion County, Indiana",11266.33333
380,931e7312a52b294244e6e05d33134c1e,18097,391000,"Census Tract 3910, Marion County, Indiana",11891.875
381,a7a6e62bcc876979d5f02bdec82c9869,18097,380402,"Census Tract 3804.02, Marion County, Indiana",8852
382,c5ec684089ebc4b152d4bc616685ad1d,18097,331000,"Census Tract 3310, Marion County, Indiana",7837.3
383,d3bf31d4fda5dd60330943a904ac5d5a,18097,321001,"Census Tract 3210.01, Marion County, Indiana",12777.2
384,12fbd01c7d92945acd93e0d44a8bed88,18097,352100,"Census Tract 3521, Marion County, Indiana",4637.375
385,42dec75b5a3b02de7908789cc6649e6d,18097,310312,"Census Tract 3103.12, Marion County, Indiana",9311.428571
386,4869240f378dd59f04a0a083c0fe6c03,18097,390101,"Census Tract 3901.01, Marion County, Indiana",11526.4
387,eccf545fec3a624430ee4b264e4d7c3e,18097,380404,"Census Tract 3804.04, Marion County, Indiana",11040.66667
388,db0fbb4c6e88a74d6387efab221c1a7a,18097,350800,"Census Tract 3508, Marion County, Indiana",6392.307692
389,318f8580dab148310f87b072fd9f6c9f,18097,380502,"Census Tract 3805.02, Marion County, Indiana",13030
390,f7f087af0599e6b2eaa4045ba1a0be50,18099,20400,"Census Tract 204, Marshall County, Indiana",12010.6
391,4988189262a81dbef85220422f5277fd,18099,20600,"Census Tract 206, Marshall County, Indiana",15619.33333
392,e39c66ecceec76ee8f9f811fa4a2d246,18099,20500,"Census Tract 205, Marshall County, Indiana",8928
393,3f20a7038f07e774663e01dea8a04cd0,18099,20800,"Census Tract 208, Marshall County, Indiana",13467.125
394,adef8f4cb061376c14393d4fb9ab3f89,18099,20101,"Census Tract 201.01, Marshall County, Indiana",13348.78947
395,3a6f00be69a3da3b1cacfd1019865c0c,18099,20201,"Census Tract 202.01, Marshall County, Indiana",12860.0625
396,001cd9ae23064d7f0fd3cd327c873d8d,18099,20102,"Census Tract 201.02, Marshall County, Indiana",10484.33333
397,2a62116efd5f9a6da7b4ce2803eba96d,18103,952200,"Census Tract 9522, Miami County, Indiana",8472
398,4ed4b67acaf7b9c4d039e01d9d8c4b6a,18103,952400,"Census Tract 9524, Miami County, Indiana",7977.428571
399,8cc5579ada546380bcf2663e0692e520,18103,952500,"Census Tract 9525, Miami County, Indiana",21129.16667
400,ab1993483e82e85b729f5d958120d50d,18103,952100,"Census Tract 9521, Miami County, Indiana",11327.625
401,074f501122885ab9aef5e9d07004209d,18103,952300,"Census Tract 9523, Miami County, Indiana",8142.75
402,a0e42a2440ccd1dffe96a0d4cc4a8952,18103,952600,"Census Tract 9526, Miami County, Indiana",8369
403,b7d1ab1b8c062f0098dc3ce8ff59a821,18103,952700,"Census Tract 9527, Miami County, Indiana",13250
404,bd42c9bae54ed298a8281caf7b699ff6,18103,952900,"Census Tract 9529, Miami County, Indiana",8931.666667
405,b537d7f73173f1a4227001cef49d1222,18103,952000,"Census Tract 9520, Miami County, Indiana",6780
406,5bf51fc2e162d6faf9e3cf79e4198378,18103,952800,"Census Tract 9528, Miami County, Indiana",5008.5
407,99b418342eb86b3aba7061fb1b7584a8,18105,1200,"Census Tract 12, Monroe County, Indiana",8391.8
408,24f871b664684c15caad90bc237ff40d,18105,1402,"Census Tract 14.02, Monroe County, Indiana",13216.14286
409,94cfe2eeb9088207be40c491c2b8524e,18105,1101,"Census Tract 11.01, Monroe County, Indiana",14962.66667
410,8932b66a9b94dcf03c942facc50ff401,18109,510100,"Census Tract 5101, Morgan County, Indiana",12082.42857
411,d637ac269ed7d8542ec0a524d629ffaf,18109,510900,"Census Tract 5109, Morgan County, Indiana",6896.833333
412,20db450280ec6846d7a829a6ba40ccac,18109,511000,"Census Tract 5110, Morgan County, Indiana",11736.375
413,def0c3fa02633394cd2b5041de7710ac,18109,510500,"Census Tract 5105, Morgan County, Indiana",21412.33333
414,fca0703f480d461a24d0b68fd994815e,18113,972400,"Census Tract 9724, Noble County, Indiana",18390.42857
415,dce4bc75ebe72c6785278052e0af100c,18113,971700,"Census Tract 9717, Noble County, Indiana",13156.11111
416,33f8f477e670b3cac704f4c0faa6e318,18113,971900,"Census Tract 9719, Noble County, Indiana",17282.76471
417,d6a4947ec7c2a78bd32ba4e30f3bba53,18113,972100,"Census Tract 9721, Noble County, Indiana",20515.41176
418,85093fc593ca8c7bc3d9f86346c0c830,18113,971800,"Census Tract 9718, Noble County, Indiana",14474.61538
419,c672051724f43ece79af744a5e47668f,18113,972300,"Census Tract 9723, Noble County, Indiana",17968.6129
420,b7dd087ca5fc64edaad0e6d8ea34bd82,18113,972200,"Census Tract 9722, Noble County, Indiana",18967.27027
421,5b5f642bf566e944c9bdac9840bf1e81,18127,50509,"Census Tract 505.09, Porter County, Indiana",7777.833333
422,348c852abba65f89cd8af9395d6069d8,18127,50203,"Census Tract 502.03, Porter County, Indiana",8660.2
423,6c316cb2fc150a2f9fd50925926fc1f8,18127,50501,"Census Tract 505.01, Porter County, Indiana",8209.75
424,6b778af080e42bb4b461bbc4ed1b666c,18127,50101,"Census Tract 501.01, Porter County, Indiana",11353.77778
425,f61f291c865fe4fe2bfd6dad53e5d058,18127,50604,"Census Tract 506.04, Porter County, Indiana",18368.45455
426,10bd992d086c48a05cb0f1e3df1e20f1,18127,50800,"Census Tract 508, Porter County, Indiana",5899.75
427,dd012c5266c9843f1049d7d012b18ed0,18127,50507,"Census Tract 505.07, Porter County, Indiana",7223
428,63cf0d83a2d02d554965073e71e93e08,18127,50508,"Census Tract 505.08, Porter County, Indiana",12200.28571
429,60946318ef5818fdfd1e931128ef391a,18127,50407,"Census Tract 504.07, Porter County, Indiana",7562.285714
430,5db93f554d0a9df617e6e51043049dc4,18127,50300,"Census Tract 503, Porter County, Indiana",8659.571429
431,e4786a617066d9d27fc324a1120c76f8,18127,50503,"Census Tract 505.03, Porter County, Indiana",8786.2
432,bf3bb60ad8c35a1dc9aba30880f8dbb8,18127,50506,"Census Tract 505.06, Porter County, Indiana",17146.44444
433,1b7425c1ee8dc2465ef939286316744c,18127,50402,"Census Tract 504.02, Porter County, Indiana",15159.72727
434,6f483941cceef95c97d28b4f904a0d57,18127,51002,"Census Tract 510.02, Porter County, Indiana",13228.76923
435,666c7361f0603c0cb4b783beddb796d8,18127,50704,"Census Tract 507.04, Porter County, Indiana",21891.5
436,cd070689c07788f255dab0f996474640,18127,51102,"Census Tract 511.02, Porter County, Indiana",18061.4
437,1baabe619d226c9e7f1ef756fb41432b,18127,50702,"Census Tract 507.02, Porter County, Indiana",9976.333333
438,a633db168b2c85a2f98be4bd877894d6,18133,956500,"Census Tract 9565, Putnam County, Indiana",7886
439,e654962bff96a16d2ce4a43206ca72b1,18133,956400,"Census Tract 9564, Putnam County, Indiana",24552.2
440,bf8df4bed5c89ab2aca38cc649b8038e,18133,956300,"Census Tract 9563, Putnam County, Indiana",9020.111111
441,6b22ecccaddde4516a88c6981373daf3,18135,951900,"Census Tract 9519, Randolph County, Indiana",10357.66667
442,370a5fb730297d91eb3443d50582515e,18141,10700,"Census Tract 107, St. Joseph County, Indiana",14779
443,7cf24c78c601ab6a16ab1607a5426d29,18141,3200,"Census Tract 32, St. Joseph County, Indiana",10843.55556
444,6c1ad176e4007cf241439f6113a927ca,18141,11506,"Census Tract 115.06, St. Joseph County, Indiana",11066.85714
445,5c16723691805b4b6a90bce32128b6c9,18141,11701,"Census Tract 117.01, St. Joseph County, Indiana",13343.4
446,1deebda501712e7595b531b8337bc31a,18141,11406,"Census Tract 114.06, St. Joseph County, Indiana",11725.30769
447,d42203d57e7b727be6c74adb6ec01f29,18141,11501,"Census Tract 115.01, St. Joseph County, Indiana",10356.125
448,2835004b63bf80d6929a55a6d14842e1,18141,3300,"Census Tract 33, St. Joseph County, Indiana",10469.86667
449,d6623f71978a56f75cbc167fd3b935f4,18141,10400,"Census Tract 104, St. Joseph County, Indiana",13339.30769
450,46c4f6c75e663b1ca82ea7994e6d83d3,18141,11602,"Census Tract 116.02, St. Joseph County, Indiana",14125.32
451,82b9ea58ff3d04a35df8deba80644a0e,18141,11802,"Census Tract 118.02, St. Joseph County, Indiana",12079.5
452,862f88264e4bdb239089465784dbe203,18141,2600,"Census Tract 26, St. Joseph County, Indiana",9814.3
453,e7e08825e5ce14c08ad265c2bfc40227,18141,11100,"Census Tract 111, St. Joseph County, Indiana",11141.13333
454,3ac19461ea7efd6c892f9aba99ca55cd,18141,1500,"Census Tract 15, St. Joseph County, Indiana",14375.18182
455,eb17558d218dbd25eef1e19ecc78248a,18141,2200,"Census Tract 22, St. Joseph County, Indiana",8098.5
456,3fafd824892198e078c4dfcd6a26d7cf,18141,2900,"Census Tract 29, St. Joseph County, Indiana",7603.833333
457,34ace0fda1bd8217d5cd6928f682a2c7,18141,3000,"Census Tract 30, St. Joseph County, Indiana",8715.25
458,05f47cc80d60a67d61e891e2b90c2045,18141,302,"Census Tract 3.02, St. Joseph County, Indiana",9727.857143
459,d4b2ea25bfcbac86f18ca67712e9ab4f,18141,500,"Census Tract 5, St. Joseph County, Indiana",10680
460,4258714000b9209afeb28e3032d8873d,18141,11303,"Census Tract 113.03, St. Joseph County, Indiana",10908.31579
461,abf354f67e94370068c7141648efe147,18141,12000,"Census Tract 120, St. Joseph County, Indiana",15919
462,b5dd82a5d296b283ded47e0110ce386d,18141,3400,"Census Tract 34, St. Joseph County, Indiana",12084.58333
463,6bc590ccd895d32877228c363a07d90f,18141,2400,"Census Tract 24, St. Joseph County, Indiana",11163.53846
464,e99e2af4a924268f8dae0beba680b0bf,18141,3100,"Census Tract 31, St. Joseph County, Indiana",12544.75
465,1a37add233259107b266614f22bffd9b,18141,11301,"Census Tract 113.01, St. Joseph County, Indiana",15254.8
466,7c8e4a2171c253411138d6e3a4399620,18141,11601,"Census Tract 116.01, St. Joseph County, Indiana",22035
467,c8c87872fa559a2fd200ded474e8a8ad,18141,1400,"Census Tract 14, St. Joseph County, Indiana",11862.42857
468,16b7c822c473ad7ae97c31f156448fd1,18141,2800,"Census Tract 28, St. Joseph County, Indiana",10139.84615
469,f25446d4d951867ca7b984ad17c6c1e0,18141,11404,"Census Tract 114.04, St. Joseph County, Indiana",14596.125
470,9c62c3bead53d866799d5195059566e6,18141,1300,"Census Tract 13, St. Joseph County, Indiana",7195.5
471,b63901e116eff9653b0bb68135364147,18141,11405,"Census Tract 114.05, St. Joseph County, Indiana",14410.46154
472,5fe0dbe328785bc4e6bfe3b5609cf17d,18141,3500,"Census Tract 35, St. Joseph County, Indiana",11944
473,9067053e8719d5cd878ba6351d817310,18141,11302,"Census Tract 113.02, St. Joseph County, Indiana",14903.27273
474,2db2c67aed99c51c9d00d01f14030608,18141,11702,"Census Tract 117.02, St. Joseph County, Indiana",14081.2
475,16b9d35c6d253c30527eb2de8d2d1bb9,18141,100,"Census Tract 1, St. Joseph County, Indiana",7361.1
476,4a22571b2563761671604973ba849ef5,18141,200,"Census Tract 2, St. Joseph County, Indiana",10832.375
477,2af35a38ee1416c5532a5e35425ecbb8,18141,11000,"Census Tract 110, St. Joseph County, Indiana",14760.6875
478,20f6fd3e9f0d1f997481861655cad7e4,18141,10300,"Census Tract 103, St. Joseph County, Indiana",14894.52381
479,f63ddd4e3eb78163c5b06897f160db5f,18141,10200,"Census Tract 102, St. Joseph County, Indiana",10458.5
480,55b3a08bb5ac8ee0f151cd2f7440f246,18141,10900,"Census Tract 109, St. Joseph County, Indiana",13908.33333
481,601ff2c0fd709298f6644ad0e766b2d6,18141,1100,"Census Tract 11, St. Joseph County, Indiana",10756.125
482,98c85fec4b8bf095a732ab363e0b2ff3,18141,400,"Census Tract 4, St. Joseph County, Indiana",6959
483,50247c509e6c47b550a516f66e35c1d1,18141,10100,"Census Tract 101, St. Joseph County, Indiana",13404.53333
484,c1f22c61eea660c6176bb4452a7f58b9,18141,10600,"Census Tract 106, St. Joseph County, Indiana",10576.14286
485,ce9d46e559d5457a59ce3b288f2f8e7d,18143,967100,"Census Tract 9671, Scott County, Indiana",10030.625
486,437523120b5bcbb4f6f5502c8216f2d0,18149,954100,"Census Tract 9541, Starke County, Indiana",11140.33333
487,dc43d4854e85174fd42fe2e9c3c66f12,18149,953700,"Census Tract 9537, Starke County, Indiana",5973.8
488,4368ac6502dd50bc209781d0d0f660f4,18151,971300,"Census Tract 9713, Steuben County, Indiana",14833.83333
489,a90462cd11ae4e43144239bf7c4828a4,18153,50300,"Census Tract 503, Sullivan County, Indiana",10040.85714
490,46c92d587470f0bc73b7474ac0fd41ca,18157,1502,"Census Tract 15.02, Tippecanoe County, Indiana",11040.28571
491,939e1edba462129ca3442d7e80e3a6df,18157,1600,"Census Tract 16, Tippecanoe County, Indiana",10704.42857
492,a21afcba89ef782fc3d2696b6a60f9c2,18157,1200,"Census Tract 12, Tippecanoe County, Indiana",4112
493,fcfc60d8240e5a51f878fd92e2a352a3,18157,1300,"Census Tract 13, Tippecanoe County, Indiana",11224.54545
494,3098ba7b30da9acf99e1d491a22e01e5,18157,400,"Census Tract 4, Tippecanoe County, Indiana",4916.333333
495,32686c399e21429791a419c0146217c9,18157,1700,"Census Tract 17, Tippecanoe County, Indiana",10415.54545
496,b49552ef5ef12e825e2ac8be26b54033,18157,1501,"Census Tract 15.01, Tippecanoe County, Indiana",9936.888889
497,24c8b349877e075f8d1b3b4e73dd4a53,18157,1800,"Census Tract 18, Tippecanoe County, Indiana",10426.88889
498,11a50500827cd49f0ae130201184724f,18157,300,"Census Tract 3, Tippecanoe County, Indiana",8465.714286
499,05298117cbe0fd69f04f89c83aaac091,18159,20200,"Census Tract 202, Tipton County, Indiana",4433.5
500,b768694827b9ce3faa76db5daf06e523,18159,20400,"Census Tract 204, Tipton County, Indiana",14241.72727
501,142aacf840a655687cc387024c43dada,18163,201,"Census Tract 2.01, Vanderburgh County, Indiana",10120
502,f35320206f3dd1ffc411e4ac127caf92,18163,3804,"Census Tract 38.04, Vanderburgh County, Indiana",13163.08333
503,461637d0edf7d72b7ca711e7b019553e,18163,10100,"Census Tract 101, Vanderburgh County, Indiana",10901.66667
504,dd4faebf6a4c2dc95a361236f215caee,18163,10201,"Census Tract 102.01, Vanderburgh County, Indiana",14206.28571
505,7e2478517261a19d87c0ab2e737fb25f,18163,1000,"Census Tract 10, Vanderburgh County, Indiana",9706.666667
506,67bbd99237964244c2ad3d0531394291,18163,900,"Census Tract 9, Vanderburgh County, Indiana",8810.888889
507,4765514a954c2fc3eb7c1993662e60e9,18163,10404,"Census Tract 104.04, Vanderburgh County, Indiana",14304.18182
508,152a373901a20ade58dc56c1f6ef9b96,18163,2600,"Census Tract 26, Vanderburgh County, Indiana",8123.5
509,bbcb018f0e5e49e13636f6e78ce9f60f,18163,10203,"Census Tract 102.03, Vanderburgh County, Indiana",10040.11111
510,47ef7e3c1efab409502a8e4c675654f6,18163,3100,"Census Tract 31, Vanderburgh County, Indiana",13053.5
511,6505dba31a2e5fa96251a7ba5d2fc1a0,18163,2100,"Census Tract 21, Vanderburgh County, Indiana",8018.5
512,3aa0a81e436042726e3913394182a6eb,18165,20500,"Census Tract 205, Vermillion County, Indiana",10814.375
513,e76b18c02d69bdf2a261b733fd441673,18165,20300,"Census Tract 203, Vermillion County, Indiana",15257
514,da68e5b292b530606ce5e2f7d9fb4342,18167,10500,"Census Tract 105, Vigo County, Indiana",14189
515,3eaeeb015822cc1c6b77c914fae0d087,18167,1700,"Census Tract 17, Vigo County, Indiana",8219.571429
516,5f7f03a3797bb112aaadac83bc654303,18167,1100,"Census Tract 11, Vigo County, Indiana",7213.5
517,778946d9696cd6c95f57e8b1e6336389,18167,11200,"Census Tract 112, Vigo County, Indiana",7661.555556
518,f45fb7ce83b62c22c577bca121fdb2c1,18167,10701,"Census Tract 107.01, Vigo County, Indiana",11397.66667
519,f70960d492c2fd067680a14baa0f66e9,18167,10600,"Census Tract 106, Vigo County, Indiana",10254.9
520,4a6ae3b5be1b9b7c10c177e1b9fded82,18169,102800,"Census Tract 1028, Wabash County, Indiana",7061.2
521,e0e676badd59e9b1f2ecf853d2ca1ecb,18173,30500,"Census Tract 305, Warrick County, Indiana",8687
522,4338a76c28b57d89da8a28cf06adcf73,18173,30600,"Census Tract 306, Warrick County, Indiana",11917.375
523,3224483a60925de51923d51b10a00141,18173,30800,"Census Tract 308, Warrick County, Indiana",15117.7
524,7b67eb2512a721025efe5cb967a38aff,18173,30400,"Census Tract 304, Warrick County, Indiana",9386
